<?xml version="1.0" encoding="UTF-8"?>
<root>
  <item name="com.arlib.floatingsearchview.FloatingSearchView ATTRS_SEARCH_BAR_LEFT_ACTION_MODE_DEFAULT">
    <annotation name="android.support.annotation.IntDef">
      <val name="value" val="{com.arlib.floatingsearchview.FloatingSearchView.LEFT_ACTION_MODE_SHOW_HAMBURGER, com.arlib.floatingsearchview.FloatingSearchView.LEFT_ACTION_MODE_SHOW_SEARCH, com.arlib.floatingsearchview.FloatingSearchView.LEFT_ACTION_MODE_SHOW_HOME, com.arlib.floatingsearchview.FloatingSearchView.LEFT_ACTION_MODE_NO_LEFT_ACTION, com.arlib.floatingsearchview.FloatingSearchView.LEFT_ACTION_MODE_NOT_SET}" />
    </annotation>
  </item>
  <item name="com.arlib.floatingsearchview.FloatingSearchView mLeftActionMode">
    <annotation name="android.support.annotation.IntDef">
      <val name="value" val="{com.arlib.floatingsearchview.FloatingSearchView.LEFT_ACTION_MODE_SHOW_HAMBURGER, com.arlib.floatingsearchview.FloatingSearchView.LEFT_ACTION_MODE_SHOW_SEARCH, com.arlib.floatingsearchview.FloatingSearchView.LEFT_ACTION_MODE_SHOW_HOME, com.arlib.floatingsearchview.FloatingSearchView.LEFT_ACTION_MODE_NO_LEFT_ACTION, com.arlib.floatingsearchview.FloatingSearchView.LEFT_ACTION_MODE_NOT_SET}" />
    </annotation>
  </item>
  <item name="com.arlib.floatingsearchview.FloatingSearchView void setLeftActionMode(int) 0">
    <annotation name="android.support.annotation.IntDef">
      <val name="value" val="{com.arlib.floatingsearchview.FloatingSearchView.LEFT_ACTION_MODE_SHOW_HAMBURGER, com.arlib.floatingsearchview.FloatingSearchView.LEFT_ACTION_MODE_SHOW_SEARCH, com.arlib.floatingsearchview.FloatingSearchView.LEFT_ACTION_MODE_SHOW_HOME, com.arlib.floatingsearchview.FloatingSearchView.LEFT_ACTION_MODE_NO_LEFT_ACTION, com.arlib.floatingsearchview.FloatingSearchView.LEFT_ACTION_MODE_NOT_SET}" />
    </annotation>
  </item>
</root>

